Position,Seniority Number,DOB,CHANGES ID,SR #,Instructions
153,16338010,01-19-1951,36640,6588573,"Please call 311 between 8:30AM and 4:30PM, Mon to Fri"
200,16341028,01-07-1970,43632,6596963,"Please call 311 between 8:30AM and 4:30PM, Mon to Fri"
481,16353010,07-24-1959,51633,6638555,
491,16354007,08-30-1972,307096,6638899,
873,17006017,05-07-1972,381633,6696157,
793,17004004,03-03-1976,313454,6687151,
133,16337011,02-01-1974,361543,6586056,
758,16366018,05-17-1963,367273,6675199,
263,16344015,03-30-1983,397902,6606944,
853,17005037,06-20-1954,370808,6691827,
224,16343005,04-25-1950,299022,6606134,"Please call 311 between 8:30AM and 4:30PM, Mon to Fri"
561,16356034,12-28-1991,388548,6645101,
98,16335031,02-12-1978,383451,6576338,"Please call 311 between 8:30AM and 4:30PM, Mon to Fri"
194,16341020,04-05-1960,379564,6598305,
215,16342017,12-17-1968,373617,6600717,"Please call 311 between 8:30AM and 4:30PM, Mon to Fri"
715,16365008,08-13-1962,43063,6673691,
105,16335039,05-25-1968,367635,6575521,"Please call 311 between 8:30AM and 4:30PM, Mon to Fri"
759,16366019,01-12-1984,389997,6674642,
649,16363001,05-18-1944,394674,6664080,
827,17005010,12-02-1963,29676,6689096,
447,16352006,10-21-1974,394128,6633925,
773,17002007,09-28-1971,398594,6680655,
782,17003004,08-03-1962,19817,6683536,
659,16363012,05-12-1949,307904,6665382,
829,17005012,06-16-1997,391891,6691363,
39,16327019,10-29-1986,293474,6552796,"Please call 311 between 8:30AM and 4:30PM, Mon to Fri"
913,17007021,01-31-1957,47988,6698040,
622,16359016,01-17-1991,319844,6656120,
730,16365025,09-08-1995,394141,6672458,
590,16358010,07-08-1957,22842,6652938,
456,16352015,01-11-1963,23870,6634723,
118,16336011,05-27-1960,8127,6579496,"Please call 311 between 8:30AM and 4:30PM, Mon to Fri"
387,16349013,06-22-1960,275814,6623697,
866,17006010,07-02-1959,47392,6694276,
119,16336012,02-16-1966,331688,6579079,
610,16359004,12-08-1970,38670,6656127,
229,16343011,09-16-1958,32092,6604967,"Please call 311 between 8:30AM and 4:30PM, Mon to Fri"
140,16337018,03-06-1969,397623,6583045,
367,16348041,08-30-1967,45363,6619341,
6,16322026,07-10-1959,397480,6537254,"Please call 311 between 8:30AM and 4:30PM, Mon to Fri"
602,16358022,01-24-1985,285293,6652979,
40,16327021,02-05-1960,36874,6553125,
428,16351007,04-19-1970,387351,6630118,
694,16364020,01-01-1986,380644,6669356,
67,16334010,09-22-1986,378586,6573447,
47,16328006,01-11-1968,386236,6557009,"Please call 311 between 8:30AM and 4:30PM, Mon to Fri"
734,16365029,12-17-1985,356627,6672293,
777,17002011,09-04-1971,392905,6681047,
398,16350006,01-13-1987,390665,6628807,
919,17007027,02-24-1954,330258,6699794,
551,16356024,02-09-1963,318707,6647260,
868,17006012,11-21-1953,398694,6695194,
717,16365010,05-28-1993,360934,6673570,
511,16355018,03-20-1970,35068,6642236,
786,17003009,04-26-1959,376477,6681661,
643,16362003,05-12-1976,336514,6661505,
680,16364006,03-18-1963,287052,6669971,
51,16328026,09-19-1962,358277,6556054,"Please call 311 between 8:30AM and 4:30PM, Mon to Fri"
623,16359017,11-23-1971,29780,6656275,
160,16338018,08-30-1954,312179,6588061,"Please call 311 between 8:30AM and 4:30PM, Mon to Fri"
285,16345007,08-08-1960,9365,6612206,"Please call 311 between 8:30AM and 4:30PM, Mon to Fri"
683,16364009,11-16-1965,320860,6668756,
563,16357001,10-07-1987,306207,6651277,
780,17003001,08-06-1958,30668,6683152,
14,16324007,03-17-1992,395653,6543973,"Please call 311 between 8:30AM and 4:30PM, Mon to Fri"
854,17005038,11-24-1945,321540,6690817,
180,16341004,11-01-1956,397903,6596891,
238,16343021,01-21-1966,282568,6604710,"Please call 311 between 8:30AM and 4:30PM, Mon to Fri"
498,16355004,04-17-1967,9797,6643663,
724,16365017,04-26-1986,398144,6672478,
832,17005015,10-26-1963,369145,6689164,
265,16344018,08-19-1986,375117,6609240,"Please call 311 between 8:30AM and 4:30PM, Mon to Fri"
545,16356018,06-19-1978,296854,6647745,
208,16342009,07-01-1963,397921,6601744,"Please call 311 between 8:30AM and 4:30PM, Mon to Fri"
778,17002012,08-01-1983,322571,6680043,
807,17004019,05-25-1966,295647,6688228,
71,16334022,08-04-1963,389444,6570276,
546,16356019,10-09-1960,314694,6645128,
483,16353013,06-28-1954,398154,6638219,
898,17007006,09-08-1954,335702,6698081,
890,17006035,05-27-1981,24104,6693001,
654,16363007,09-05-1954,44470,6664755,
918,17007026,10-24-1960,280714,6697503,
106,16335040,11-13-1961,351559,6577372,
705,16364031,10-10-1990,393156,6668352,
227,16343009,03-17-1987,338929,6604686,
34,16327007,07-30-1970,396390,6550758,"Please call 311 between 8:30AM and 4:30PM, Mon to Fri"
165,16338024,02-23-1967,43136,6589183,"Please call 311 between 8:30AM and 4:30PM, Mon to Fri"
459,16352018,08-20-1973,368346,6635868,
661,16363014,04-07-1990,393486,6665784,
48,16328010,10-26-1951,36312,6558043,"Please call 311 between 8:30AM and 4:30PM, Mon to Fri"
455,16352014,11-28-1978,284963,6635441,
760,17001001,05-01-1992,357010,6678355,
464,16352023,10-31-1974,392802,6634738,
811,17004023,12-17-1966,44154,6688075,
244,16343028,11-23-1946,39797,6605391,"Please call 311 between 8:30AM and 4:30PM, Mon to Fri"
384,16349010,07-27-1954,41386,6625331,
825,17005007,09-20-1982,381994,6688972,
88,16335020,09-12-1956,27076,6575460,"Please call 311 between 8:30AM and 4:30PM, Mon to Fri"
517,16355024,04-06-1975,388073,6640838,
141,16337019,11-02-1955,24387,6583736,"Please call 311 between 8:30AM and 4:30PM, Mon to Fri"
103,16335036,12-27-1960,51760,6577319,
29,16326003,04-05-1968,45496,6548939,"Please call 311 between 8:30AM and 4:30PM, Mon to Fri"
297,16345021,11-02-1985,396219,6611703,
475,16353004,06-29-1987,398223,6637152,
465,16352024,09-22-1984,382597,6635895,
325,16347009,12-20-1983,329431,6617818,
80,16334046,07-30-1973,360953,6572501,
172,16340004,03-16-1979,396975,6593496,"Please call 311 between 8:30AM and 4:30PM, Mon to Fri"
601,16358021,05-16-1964,38132,6653322,
383,16349009,05-19-1976,335857,6623698,
558,16356031,05-26-1951,311605,6646754,
757,16366017,11-19-1955,18215,6674676,
729,16365024,02-22-1967,312821,6672114,
640,16361003,12-18-1963,51284,6661087,
565,16357003,12-09-1962,12750,6650986,
713,16365006,02-24-1949,22192,6673875,
79,16334037,05-22-1941,393724,6571896,
819,17005001,03-18-1957,51009,6691378,
838,17005022,04-22-1991,386729,6690582,
54,16329007,03-27-1964,35160,6559869,"Please call 311 between 8:30AM and 4:30PM, Mon to Fri"
37,16327014,12-06-1976,378639,6551407,"Please call 311 between 8:30AM and 4:30PM, Mon to Fri"
617,16359011,05-27-1957,18632,6657504,
499,16355005,03-26-1962,55109,6641944,
97,16335030,08-07-1957,24726,6574556,"Please call 311 between 8:30AM and 4:30PM, Mon to Fri"
193,16341019,10-06-1969,28529,6595723,"Please call 311 between 8:30AM and 4:30PM, Mon to Fri"
513,16355020,04-05-1994,380724,6643518,
716,16365009,06-28-1965,45281,6672314,
660,16363013,02-12-1976,326872,6666842,
687,16364013,12-26-1969,370987,6668729,
453,16352012,11-07-1957,358111,6636650,
189,16341015,11-04-1990,319557,6598972,"Please call 311 between 8:30AM and 4:30PM, Mon to Fri"
20,16324025,02-22-1964,315942,6545830,"Please call 311 between 8:30AM and 4:30PM, Mon to Fri"
452,16352011,08-28-1982,397124,6635866,
894,17007002,04-23-1964,386545,6699448,
840,17005024,05-16-1980,373196,6689864,
438,16351017,01-04-1956,368436,6631016,
41,16327022,04-18-1983,330837,6551803,"Please call 311 between 8:30AM and 4:30PM, Mon to Fri"
257,16344008,10-06-1994,39709,6608159,"Please call 311 between 8:30AM and 4:30PM, Mon to Fri"
120,16336015,04-14-1967,361297,6581222,"Please call 311 between 8:30AM and 4:30PM, Mon to Fri"
882,17006026,08-01-1988,396196,6695198,
620,16359014,01-28-1960,44031,6658102,
830,17005013,07-07-1986,369220,6691738,
720,16365013,11-02-1962,29728,6673263,
808,17004020,02-28-1969,345325,6687387,
386,16349012,10-24-1985,289959,6623983,
609,16359003,02-11-1968,380354,6655953,
276,16344030,06-04-1989,295977,6608113,"Please call 311 between 8:30AM and 4:30PM, Mon to Fri"
555,16356028,06-05-1956,307583,6648005,
809,17004021,08-31-1958,374112,6684686,
810,17004022,03-29-1968,322815,6685781,
653,16363006,02-10-1984,373282,6664901,
151,16338008,02-28-1980,397872,6590082,"Please call 311 between 8:30AM and 4:30PM, Mon to Fri"
493,16354010,11-12-1959,395058,6639782,
108,16335043,03-06-1964,386104,6577286,
781,17003003,10-29-1992,334273,6683048,
667,16363020,01-16-1986,299891,6666503,
501,16355008,04-17-1955,345857,6643590,
701,16364027,06-01-1981,365751,6667461,
733,16365028,05-18-1958,343516,6671969,
171,16340002,02-18-1975,310647,6593168,"Please call 311 between 8:30AM and 4:30PM, Mon to Fri"
445,16352004,07-14-1982,390801,6635431,
55,16329012,02-19-1989,300541,6561862,"Please call 311 between 8:30AM and 4:30PM, Mon to Fri"
322,16347006,03-14-1991,398058,6617443,
395,16350003,04-30-1955,295016,6629577,
300,16345024,09-08-1977,383358,6611112,
126,16337002,12-20-1951,25072,6583369,"Please call 311 between 8:30AM and 4:30PM, Mon to Fri"
635,16360004,01-10-1949,14129,6659836,
500,16355006,02-17-1963,300962,6641777,
248,16343033,06-09-1986,393750,6604338,"Please call 311 between 8:30AM and 4:30PM, Mon to Fri"
407,16350015,06-25-1979,299447,6627778,
775,17002009,12-18-1978,56028,6680527,
345,16348017,10-27-1962,362248,6618943,
115,16336007,07-04-1970,397811,6580005,"Please call 311 between 8:30AM and 4:30PM, Mon to Fri"
632,16360001,09-11-1979,309192,6658157,
376,16349002,04-05-1959,289013,6625135,
516,16355023,03-03-1963,21666,6641830,
301,16345025,07-10-1959,11574,6611169,
348,16348020,06-06-1965,16048,6618059,
915,17007023,07-15-1966,40540,6700306,
255,16344006,01-14-1948,27832,6608627,"Please call 311 between 8:30AM and 4:30PM, Mon to Fri"
803,17004015,01-25-1968,289920,6684515,
844,17005028,07-14-1983,381635,6689867,
312,16346009,03-19-1970,280469,6614497,
852,17005036,04-11-1953,320597,6688511,
414,16350022,03-20-1962,333660,6629613,
168,16339003,05-13-1989,396328,6591172,
316,16346014,01-04-1975,320920,6615483,
870,17006014,09-23-1959,327727,6693954,
293,16345016,07-25-1960,35724,6610759,
764,17001006,04-03-1968,358469,6678816,
847,17005031,03-20-1974,359873,6691333,
59,16332010,12-03-1985,358432,6566609,"Please call 311 between 8:30AM and 4:30PM, Mon to Fri"
32,16327001,12-07-1957,397584,6550836,"Please call 311 between 8:30AM and 4:30PM, Mon to Fri"
408,16350016,06-12-1956,394864,6628738,
771,17002005,12-26-1959,283950,6681239,
478,16353007,01-12-1977,18515,6637488,
908,17007016,09-29-1966,53808,6700354,
614,16359008,12-18-1964,393979,6657511,
896,17007004,07-29-1988,379715,6699512,
872,17006016,01-07-1979,397328,6695861,
64,16332026,02-06-1969,395428,6567439,"Please call 311 between 8:30AM and 4:30PM, Mon to Fri"
628,16359022,02-19-1965,6782,6655931,
566,16357004,10-06-1958,337729,6650566,
236,16343018,01-10-1981,316341,6605914,
750,16366010,01-29-1969,355970,6675166,
548,16356021,10-04-1971,333177,6647185,
353,16348025,10-09-1957,398114,6620889,
834,17005017,12-17-1952,36579,6688722,
25,16324036,03-04-1981,388234,6545842,"Please call 311 between 8:30AM and 4:30PM, Mon to Fri"
769,17002003,09-05-1961,32390,6680704,
344,16348016,05-29-1964,363028,6618054,
145,16337025,02-03-1970,397775,6583880,"Please call 311 between 8:30AM and 4:30PM, Mon to Fri"
187,16341012,01-16-1976,397867,6599038,
753,16366013,10-16-1983,10567,6675005,
75,16334026,01-07-1975,397213,6570663,
44,16327030,11-20-1956,275085,6553686,"Please call 311 between 8:30AM and 4:30PM, Mon to Fri"
252,16344003,05-20-1970,397778,6607711,"Please call 311 between 8:30AM and 4:30PM, Mon to Fri"
439,16351018,03-03-1969,389733,6630967,
261,16344013,12-23-1963,36152,6609233,"Please call 311 between 8:30AM and 4:30PM, Mon to Fri"
791,17004002,01-09-1946,382348,6685298,
538,16356011,10-02-1982,390329,6645502,
719,16365012,07-01-1957,41007,6674150,
710,16365003,03-01-1961,47617,6674049,
424,16351003,06-04-1958,376189,6630759,
109,16335045,08-08-1966,397738,6576463,
735,16365030,09-29-1973,369025,6672513,
390,16349016,05-05-1978,363254,6623833,
232,16343014,10-13-1983,367111,6603470,"Please call 311 between 8:30AM and 4:30PM, Mon to Fri"
211,16342012,04-11-1988,397928,6602186,"Please call 311 between 8:30AM and 4:30PM, Mon to Fri"
358,16348031,05-04-1975,388919,6620407,
521,16355029,03-23-1969,375223,6641275,
903,17007011,08-21-1968,45909,6698357,
766,17001008,06-18-1947,359261,6677755,
4,16322016,02-16-1979,353303,6536557,"Please call 311 between 8:30AM and 4:30PM, Mon to Fri"
836,17005020,01-19-1990,360236,6689129,
450,16352009,12-06-1955,40250,6635550,
900,17007008,07-14-1959,383162,6698122,
895,17007003,04-15-1970,39990,6699876,
380,16349006,01-13-1953,305925,6625962,
800,17004012,05-20-1961,13221,6688097,
242,16343025,09-21-1971,284009,6605404,"Please call 311 between 8:30AM and 4:30PM, Mon to Fri"
341,16348013,01-02-1988,397945,6621744,
116,16336009,06-16-1986,328072,6580699,
195,16341021,04-20-1976,389580,6599004,"Please call 311 between 8:30AM and 4:30PM, Mon to Fri"
540,16356013,01-09-1981,398211,6645346,
396,16350004,01-19-1951,393560,6628684,
448,16352007,09-25-1961,376126,6633978,
329,16348001,07-18-1966,395981,6620311,
598,16358018,11-25-1957,9173,6653598,
816,17004028,07-29-1958,378528,6685453,
691,16364017,07-08-1986,384430,6667560,
356,16348029,06-16-1955,320296,6618605,
415,16350023,12-23-1958,390004,6627328,
685,16364011,02-15-1969,7843,6669767,
826,17005008,12-14-1945,14554,6691387,
708,16364034,07-18-1965,44601,6668046,
518,16355026,04-03-1974,315686,6642627,
909,17007017,08-03-1982,397876,6698246,
364,16348037,09-06-1985,358046,6620969,
790,17004001,05-27-1962,357772,6685971,
198,16341025,06-02-1961,43223,6595132,"Please call 311 between 8:30AM and 4:30PM, Mon to Fri"
288,16345010,04-25-1988,299590,6612792,"Please call 311 between 8:30AM and 4:30PM, Mon to Fri"
645,16362006,03-29-1981,370051,6661941,
697,16364023,09-01-1964,43318,6668603,
313,16346010,11-04-1958,275955,6615618,
102,16335035,02-04-1979,275788,6577557,"Please call 311 between 8:30AM and 4:30PM, Mon to Fri"
239,16343022,09-13-1953,31775,6605088,"Please call 311 between 8:30AM and 4:30PM, Mon to Fri"
831,17005014,10-05-1975,26669,6689974,
223,16343004,07-02-1964,382274,6605561,
434,16351013,09-20-1962,386580,6631237,
488,16354004,04-11-1988,397893,6640190,
433,16351012,05-24-1971,397739,6630734,
633,16360002,09-15-1957,398429,6658941,
702,16364028,12-23-1954,7368,6669195,
468,16352027,02-06-1988,389351,6635437,
714,16365007,09-29-1961,362667,6672538,
290,16345012,08-13-1961,27237,6611834,
334,16348006,01-09-1981,333995,6619763,
183,16341007,02-17-1950,44625,6595736,"Please call 311 between 8:30AM and 4:30PM, Mon to Fri"
190,16341016,11-09-1973,300431,6597401,
539,16356012,07-31-1993,374392,6645424,
11,16323036,03-21-1990,359650,6540645,"Please call 311 between 8:30AM and 4:30PM, Mon to Fri"
128,16337004,07-29-1980,359487,6585481,
627,16359021,06-14-1991,397418,6658117,
437,16351016,06-29-1961,379693,6631108,
99,16335032,01-03-1946,397737,6576038,"Please call 311 between 8:30AM and 4:30PM, Mon to Fri"
454,16352013,11-05-1960,325492,6635644,
487,16354003,05-28-1966,375328,6640188,
711,16365004,12-25-1979,393813,6672326,
302,16345026,11-08-1977,398000,6613215,
427,16351006,04-20-1964,379593,6630582,
461,16352020,12-22-1959,397846,6634951,
259,16344010,03-13-1957,50000,6608839,"Please call 311 between 8:30AM and 4:30PM, Mon to Fri"
544,16356017,03-27-1964,367668,6644909,
712,16365005,01-01-1957,384224,6672289,
605,16358025,07-18-1983,323128,6652685,
212,16342014,06-10-1966,325186,6602882,"Please call 311 between 8:30AM and 4:30PM, Mon to Fri"
114,16336005,12-23-1961,17897,6579419,
278,16344032,09-12-1989,329181,6608792,"Please call 311 between 8:30AM and 4:30PM, Mon to Fri"
197,16341023,02-12-1991,363614,6597028,
906,17007014,02-04-1957,32159,6698011,
372,16348046,10-27-1967,32725,6619336,
129,16337006,08-02-1966,44274,6584239,"Please call 311 between 8:30AM and 4:30PM, Mon to Fri"
56,16329017,07-31-1960,19595,6560582,"Please call 311 between 8:30AM and 4:30PM, Mon to Fri"
470,16352029,11-28-1978,30779,6636111,
883,17006027,03-17-1965,38093,6694270,
901,17007009,03-17-1975,27809,6698121,
738,16365033,01-29-1970,396866,6673402,
568,16357006,09-08-1968,41100,6648561,
589,16358009,12-31-1953,15716,6653054,
785,17003008,09-18-1955,374901,6682737,
471,16352030,02-26-1961,273982,6634711,
309,16346006,11-11-1986,396550,6615706,
355,16348027,07-09-1976,391719,6618840,
317,16347001,04-05-1963,378404,6617181,
131,16337008,02-10-1964,283138,6586334,"Please call 311 between 8:30AM and 4:30PM, Mon to Fri"
284,16345006,02-09-1988,279123,6611612,"Please call 311 between 8:30AM and 4:30PM, Mon to Fri"
204,16342004,12-09-1991,375034,6600988,
225,16343006,04-14-1949,304816,6604611,"Please call 311 between 8:30AM and 4:30PM, Mon to Fri"
221,16343001,03-11-1973,18491,6605112,
752,16366012,07-30-1949,33294,6674946,
368,16348042,01-17-1952,397701,6619675,
668,16363021,03-01-1975,375042,6664186,
612,16359006,07-05-1967,292028,6655438,
273,16344027,10-16-1954,10838,6607994,
268,16344021,08-22-1963,323890,6608144,"Please call 311 between 8:30AM and 4:30PM, Mon to Fri"
256,16344007,04-26-1962,363334,6607728,
837,17005021,11-25-1958,387155,6688518,
732,16365027,02-22-1976,41116,6671425,
479,16353008,07-21-1966,322107,6638557,
72,16334023,02-12-1977,390882,6570646,
138,16337016,09-12-1956,380216,6584935,"Please call 311 between 8:30AM and 4:30PM, Mon to Fri"
176,16340010,08-25-1976,397890,6593327,"Please call 311 between 8:30AM and 4:30PM, Mon to Fri"
270,16344023,01-18-1981,298830,6609514,
543,16356016,03-12-1966,318056,6647213,
170,16340001,04-26-1959,19219,6594198,"Please call 311 between 8:30AM and 4:30PM, Mon to Fri"
787,17003010,06-04-1956,28955,6682830,
352,16348024,08-24-1978,381681,6620157,
46,16328003,02-20-1968,29945,6557268,"Please call 311 between 8:30AM and 4:30PM, Mon to Fri"
85,16335013,04-02-1972,374836,6577468,
337,16348009,11-22-1966,376642,6619493,
409,16350017,02-14-1963,47968,6628015,
799,17004011,04-16-1961,325967,6684392,
503,16355010,04-23-1988,310457,6643565,
514,16355021,10-04-1953,13503,6643461,
893,17007001,01-05-1975,302989,6700235,
324,16347008,05-03-1972,398063,6616946,
359,16348032,02-02-1960,328810,6618176,
747,16366007,04-03-1964,287178,6677394,
675,16364001,08-16-1978,359192,6670065,
365,16348038,11-21-1987,355687,6620781,
318,16347002,06-24-1970,364115,6617209,
636,16360005,01-30-1977,368888,6658482,
110,16335046,08-14-1948,44186,6574664,"Please call 311 between 8:30AM and 4:30PM, Mon to Fri"
914,17007022,10-20-1973,650726,6699605,
371,16348045,07-15-1964,384268,6619400,
346,16348018,10-23-1953,382893,6620473,
508,16355015,02-17-1971,398259,6641846,
178,16341002,02-26-1980,27853,6598474,
527,16355035,09-19-1953,344106,6641759,
354,16348026,08-06-1987,332276,6620519,
310,16346007,03-14-1966,389136,6613986,
378,16349004,12-09-1969,326753,6626025,
209,16342010,06-30-1984,397936,6600645,
419,16350027,12-09-1960,398025,6628808,
303,16345027,12-26-1973,296474,6611250,
721,16365014,07-22-1993,396782,6673349,
802,17004014,10-01-1973,286794,6686330,
351,16348023,05-05-1996,398075,6618387,
762,17001003,07-22-1956,398567,6678463,
326,16347010,03-23-1953,288139,6617163,
406,16350014,10-14-1956,397883,6629315,
53,16329004,12-24-1985,329658,6559217,"Please call 311 between 8:30AM and 4:30PM, Mon to Fri"
646,16362007,08-26-1968,385576,6663192,
286,16345008,10-29-1963,386017,6610994,"Please call 311 between 8:30AM and 4:30PM, Mon to Fri"
82,16335007,05-05-1973,304286,6575323,
155,16338012,03-01-1961,326294,6587494,"Please call 311 between 8:30AM and 4:30PM, Mon to Fri"
130,16337007,08-21-1959,295967,6585449,"Please call 311 between 8:30AM and 4:30PM, Mon to Fri"
700,16364026,09-16-1964,398213,6667632,
375,16349001,07-06-1979,293887,6625165,
642,16362002,03-06-1982,338566,6661886,
443,16352002,09-01-1966,371256,6633867,
679,16364005,03-26-1969,45253,6669089,
163,16338021,05-13-1955,392647,6588973,"Please call 311 between 8:30AM and 4:30PM, Mon to Fri"
382,16349008,05-03-1961,322610,6622427,
879,17006023,10-09-1953,33182,6692770,
592,16358012,12-30-1969,390571,6654118,
887,17006032,09-29-1985,311189,6695372,
431,16351010,04-19-1978,389900,6630067,
418,16350026,07-03-1958,20071,6628016,
262,16344014,05-02-1989,394053,6607935,"Please call 311 between 8:30AM and 4:30PM, Mon to Fri"
678,16364004,05-02-1955,397432,6668576,
494,16354011,02-03-1992,361622,6639995,
504,16355011,12-24-1952,363398,6640792,
681,16364007,06-03-1961,56363,6667797,
572,16357010,04-09-1998,398338,6650704,
435,16351014,05-12-1981,370768,6632795,
192,16341018,07-19-1966,18545,6596500,"Please call 311 between 8:30AM and 4:30PM, Mon to Fri"
709,16365001,08-31-1957,374740,6671869,
869,17006013,10-31-1952,26649,6693327,
339,16348011,02-12-1979,363535,6618945,
296,16345020,06-23-1968,294436,6612491,
532,16356005,11-04-1962,385336,6647046,
315,16346012,12-30-1980,380938,6614919,
73,16334024,09-27-1952,394749,6570395,
684,16364010,03-04-1997,384859,6667438,
237,16343019,04-26-1977,397909,6604518,"Please call 311 between 8:30AM and 4:30PM, Mon to Fri"
243,16343027,01-21-1970,350235,6605917,
515,16355022,08-12-1970,325180,6643542,
917,17007025,09-29-1967,52632,6700490,
756,16366016,09-02-1956,379661,6677406,
863,17006007,02-14-1967,55636,6694037,
349,16348021,11-21-1964,398115,6621353,
460,16352019,07-20-1963,45468,6635823,
283,16345005,11-19-1961,378655,6613184,
247,16343032,04-25-1969,390383,6604540,"Please call 311 between 8:30AM and 4:30PM, Mon to Fri"
677,16364003,02-24-1980,398445,6668946,
361,16348034,10-25-1967,326987,6621806,
921,17007029,05-18-1963,23587,6699739,
670,16363025,03-04-1957,391599,6664970,
739,16365034,04-07-1967,280805,6673494,
304,16346001,08-08-1969,387603,6615089,
862,17006006,09-21-1993,382190,6694189,
7,16323002,11-30-1973,385148,6541642,"Please call 311 between 8:30AM and 4:30PM, Mon to Fri"
70,16334020,01-02-1996,397607,6572229,
412,16350020,10-09-1966,356207,6626524,
848,17005032,11-08-1964,398655,6692128,
718,16365011,07-17-1958,295744,6672842,
530,16356003,09-28-1968,374955,6645053,
52,16328032,11-30-1982,397644,6557844,"Please call 311 between 8:30AM and 4:30PM, Mon to Fri"
843,17005027,12-17-1994,398645,6689628,
216,16342018,08-13-1963,48959,6600224,"Please call 311 between 8:30AM and 4:30PM, Mon to Fri"
403,16350011,09-30-1962,8968,6629656,
690,16364016,11-03-1985,379525,6668047,
663,16363016,01-26-1958,356534,6664530,
591,16358011,01-18-1981,627984,6654384,
534,16356007,03-05-1973,36906,6647768,
749,16366009,02-28-1976,391309,6675387,
393,16349020,06-21-1961,298268,6623470,
586,16358006,10-18-1962,289750,6652066,
68,16334011,11-08-1985,11648,6571266,
289,16345011,03-13-1963,359979,6612724,
49,16328018,07-22-1967,282171,6557636,"Please call 311 between 8:30AM and 4:30PM, Mon to Fri"
328,16347012,02-13-1964,11451,6617439,
656,16363009,02-24-1961,44851,6666873,
394,16349021,07-27-1991,272042,6622834,
45,16328001,02-13-1963,39646,6558467,"Please call 311 between 8:30AM and 4:30PM, Mon to Fri"
629,16359023,11-04-1963,25724,6657043,
910,17007018,07-30-1971,359734,6698597,
585,16358005,07-14-1955,45154,6654768,
43,16327027,04-17-1962,25720,6551731,"Please call 311 between 8:30AM and 4:30PM, Mon to Fri"
143,16337022,08-05-1971,53996,6585424,"Please call 311 between 8:30AM and 4:30PM, Mon to Fri"
841,17005025,01-01-1999,999999,6690014,
446,16352005,09-20-1973,337658,6636058,
16,16324014,10-04-1934,37547,6545189,"Please call 311 between 8:30AM and 4:30PM, Mon to Fri"
413,16350021,12-22-1943,279476,6629581,
537,16356010,02-28-1977,356813,6647043,
746,16366006,10-06-1959,361316,6677306,
249,16343034,01-08-1943,282641,6603313,"Please call 311 between 8:30AM and 4:30PM, Mon to Fri"
463,16352022,03-13-1973,368600,6634707,
127,16337003,01-10-1990,315632,6583576,"Please call 311 between 8:30AM and 4:30PM, Mon to Fri"
639,16361002,11-16-1981,294031,6660980,
214,16342016,06-07-1958,9216,6602245,"Please call 311 between 8:30AM and 4:30PM, Mon to Fri"
132,16337009,10-02-1955,374484,6583680,
77,16334033,06-06-1964,40316,6573587,
867,17006011,08-19-1985,320083,6692726,
489,16354005,12-21-1951,395077,6640254,
174,16340006,07-06-1972,46944,6592713,"Please call 311 between 8:30AM and 4:30PM, Mon to Fri"
272,16344025,12-16-1958,378290,6609783,"Please call 311 between 8:30AM and 4:30PM, Mon to Fri"
66,16334008,02-16-1980,396475,6572883,
416,16350024,11-07-1965,381956,6627324,
76,16334030,10-21-1982,397721,6572478,
695,16364021,10-15-1964,47566,6668496,
880,17006024,04-21-1964,300794,6692913,
179,16341003,12-22-1972,372776,6596218,
177,16341001,08-12-1975,275641,6595201,"Please call 311 between 8:30AM and 4:30PM, Mon to Fri"
813,17004025,10-12-1958,14675,6686819,
3,16322008,08-30-1960,48260,6538714,"Please call 311 between 8:30AM and 4:30PM, Mon to Fri"
625,16359019,06-16-1977,336657,6655746,
466,16352025,04-16-1971,398052,6635781,
871,17006015,10-08-1967,43718,6694467,
723,16365016,09-07-1954,19668,6670963,
277,16344031,11-14-1958,35202,6608818,
480,16353009,04-28-1980,347070,6637816,
765,17001007,05-10-1982,318687,6677924,
219,16342021,12-08-1962,52949,6602804,
567,16357005,10-19-1962,318154,6648894,
611,16359005,03-20-1989,397207,6658111,
510,16355017,12-10-1957,276836,6641718,
182,16341006,08-17-1966,40031,6597896,"Please call 311 between 8:30AM and 4:30PM, Mon to Fri"
81,16335005,07-14-1967,40629,6578035,
725,16365019,12-14-1978,288364,6671602,
18,16324021,11-13-1986,386578,6545810,"Please call 311 between 8:30AM and 4:30PM, Mon to Fri"
2,16322002,01-21-1963,308960,6538011,"Please call 311 between 8:30AM and 4:30PM, Mon to Fri"
772,17002006,01-01-1969,398593,6680613,
422,16351001,07-13-1969,398178,6631208,
846,17005030,08-20-1975,325308,6691230,
860,17006004,05-15-1958,286357,6693250,
220,16342023,11-17-1959,12771,6600425,"Please call 311 between 8:30AM and 4:30PM, Mon to Fri"
737,16365032,05-15-1969,26216,6673081,
647,16362008,12-27-1958,43483,6662542,
672,16363027,09-04-1970,363238,6663900,
741,16366001,08-26-1977,389690,6675288,
104,16335038,10-25-1975,9722,6577836,"Please call 311 between 8:30AM and 4:30PM, Mon to Fri"
507,16355014,02-06-1964,388685,6643197,
74,16334025,07-05-1969,331358,6572010,
835,17005019,03-31-1958,33274,6691280,
662,16363015,08-16-1945,378042,6664133,
920,17007028,09-26-1966,44612,6697981,
522,16355030,12-26-1956,32556,6642696,
805,17004017,09-10-1960,50897,6686248,
91,16335023,03-26-1947,6390,6577617,"Please call 311 between 8:30AM and 4:30PM, Mon to Fri"
271,16344024,01-09-1977,373436,6609156,
823,17005005,07-31-1969,329996,6691500,
391,16349017,01-01-1974,398135,6624633,
175,16340007,10-13-1988,366526,6593740,
814,17004026,03-31-1941,16377,6686602,
142,16337021,12-28-1958,397109,6584460,"Please call 311 between 8:30AM and 4:30PM, Mon to Fri"
722,16365015,06-16-1967,48857,6672216,
311,16346008,03-04-1981,8602,6613799,
788,17003011,09-26-1984,301245,6682791,
305,16346002,06-20-1944,397892,6614298,
292,16345015,07-28-1958,27020,6611556,
258,16344009,01-22-1961,297727,6609016,"Please call 311 between 8:30AM and 4:30PM, Mon to Fri"
856,17005040,05-09-1954,31617,6689823,
38,16327015,12-24-1961,12951,6552751,"Please call 311 between 8:30AM and 4:30PM, Mon to Fri"
421,16350030,11-09-1965,18811,6628894,
281,16345003,08-03-1968,389105,6610915,"Please call 311 between 8:30AM and 4:30PM, Mon to Fri"
392,16349019,05-04-1972,16609,6623791,
576,16357014,06-21-1992,364354,6649542,
357,16348030,11-25-1956,38994,6618048,
449,16352008,09-29-1957,50862,6635255,
497,16355003,05-02-1955,17745,6641569,
897,17007005,08-06-1985,312847,6698167,
264,16344017,05-03-1954,313610,6608208,
86,16335018,07-22-1957,38843,6574826,"Please call 311 between 8:30AM and 4:30PM, Mon to Fri"
327,16347011,01-21-1978,398064,6616208,
254,16344005,03-27-1969,308219,6609238,"Please call 311 between 8:30AM and 4:30PM, Mon to Fri"
231,16343013,01-06-1965,381967,6605274,"Please call 311 between 8:30AM and 4:30PM, Mon to Fri"
17,16324018,02-11-1967,358276,6546782,"Please call 311 between 8:30AM and 4:30PM, Mon to Fri"
731,16365026,05-12-1971,383589,6671839,
42,16327024,09-25-1972,397482,6552151,"Please call 311 between 8:30AM and 4:30PM, Mon to Fri"
874,17006018,06-23-1953,318396,6692927,
87,16335019,05-18-1970,327311,6577523,
420,16350029,04-14-1956,393110,6628566,
845,17005029,09-24-1950,382486,6691882,
373,16348047,07-21-1986,380400,6619620,
706,16364032,01-26-1956,292609,6669171,
688,16364014,04-19-1963,27022,6669930,
340,16348012,01-31-1974,398072,6622057,
89,16335021,10-08-1973,35322,6577611,"Please call 311 between 8:30AM and 4:30PM, Mon to Fri"
282,16345004,05-22-1954,373768,6611324,"Please call 311 between 8:30AM and 4:30PM, Mon to Fri"
30,16326004,06-09-1948,327636,6550283,"Please call 311 between 8:30AM and 4:30PM, Mon to Fri"
405,16350013,02-18-1964,36523,6629208,
657,16363010,08-08-1962,26497,6665473,
436,16351015,03-11-1951,393769,6630505,
240,16343023,08-26-1963,397953,6604800,"Please call 311 between 8:30AM and 4:30PM, Mon to Fri"
676,16364002,02-13-1959,370005,6668379,
363,16348036,10-09-1984,27272,6619640,
768,17002002,01-21-1957,26364,6679849,
891,17006036,04-01-1969,43821,6695456,
173,16340005,09-26-1973,395264,6592859,
430,16351009,07-28-1965,45677,6631402,
536,16356009,05-17-1993,390932,6647623,
595,16358015,09-18-1975,293382,6653599,
608,16359002,09-11-1974,31492,6656270,
12,16323037,06-04-1991,397551,6541019,"Please call 311 between 8:30AM and 4:30PM, Mon to Fri"
338,16348010,10-22-1989,335271,6619679,
379,16349005,01-05-1986,398053,6625684,
23,16324031,08-10-1970,373923,6544256,"Please call 311 between 8:30AM and 4:30PM, Mon to Fri"
878,17006022,06-19-1960,291095,6696398,
166,16339001,06-18-1986,392336,6592600,"Please call 311 between 8:30AM and 4:30PM, Mon to Fri"
191,16341017,09-20-1978,300207,6598194,"Please call 311 between 8:30AM and 4:30PM, Mon to Fri"
789,17003012,11-07-1985,365488,6683686,
207,16342008,07-14-1964,47994,6600129,
651,16363003,12-06-1965,373019,6665172,
665,16363018,10-20-1981,396422,6666290,
743,16366003,03-28-1967,291114,6677307,
202,16342002,10-11-1973,397602,6602848,"Please call 311 between 8:30AM and 4:30PM, Mon to Fri"
210,16342011,02-09-1989,359349,6602497,"Please call 311 between 8:30AM and 4:30PM, Mon to Fri"
674,16363029,07-10-1963,15789,6666784,
469,16352028,10-16-1982,367648,6634149,
833,17005016,08-22-1960,398170,6691745,
10,16323018,11-01-1965,360685,6540019,"Please call 311 between 8:30AM and 4:30PM, Mon to Fri"
144,16337023,03-11-1968,397715,6584639,"Please call 311 between 8:30AM and 4:30PM, Mon to Fri"
581,16358001,12-23-1977,289477,6654037,
400,16350008,03-31-1961,344757,6627876,
509,16355016,06-01-1960,309193,6640781,
859,17006003,10-02-1956,393226,6695395,
792,17004003,12-11-1959,301374,6684275,
579,16357017,05-01-1989,305386,6650915,
899,17007007,08-11-1969,26304,6700153,
250,16344001,04-10-1959,336425,6608180,"Please call 311 between 8:30AM and 4:30PM, Mon to Fri"
597,16358017,08-28-1956,319455,6653521,
388,16349014,06-12-1958,373619,6626059,
432,16351011,05-06-1951,21800,6630255,
135,16337013,01-10-1991,392402,6584192,"Please call 311 between 8:30AM and 4:30PM, Mon to Fri"
370,16348044,08-25-1958,55427,6621791,
795,17004006,03-10-1953,383033,6685067,
820,17005002,11-02-1965,389540,6691278,
864,17006008,08-13-1984,398677,6695594,
541,16356014,01-07-1988,398294,6647070,
150,16338007,12-24-1946,300390,6587598,
451,16352010,04-05-1976,316119,6636108,
529,16356002,11-23-1971,40134,6644935,
274,16344028,09-19-1966,38949,6608201,
851,17005035,06-04-1967,302006,6690269,
669,16363024,08-09-1975,300611,6665320,
425,16351004,12-10-1962,47016,6630122,
93,16335025,08-11-1963,378274,6578178,
90,16335022,04-15-1994,362969,6577671,"Please call 311 between 8:30AM and 4:30PM, Mon to Fri"
587,16358007,11-07-1974,319934,6652872,
50,16328020,02-13-1976,299795,6555902,"Please call 311 between 8:30AM and 4:30PM, Mon to Fri"
634,16360003,08-06-1974,19679,6658489,
779,17002013,12-17-1967,383867,6681326,
525,16355033,07-06-1960,369571,6641517,
246,16343031,01-03-1970,384363,6605759,"Please call 311 between 8:30AM and 4:30PM, Mon to Fri"
528,16356001,09-22-1994,341541,6647711,
492,16354008,03-16-1966,353406,6640182,
673,16363028,04-21-1980,390330,6664227,
28,16325003,01-11-1982,396080,6547589,"Please call 311 between 8:30AM and 4:30PM, Mon to Fri"
100,16335033,07-29-1979,43373,6577376,"Please call 311 between 8:30AM and 4:30PM, Mon to Fri"
287,16345009,11-02-1960,45081,6611228,"Please call 311 between 8:30AM and 4:30PM, Mon to Fri"
648,16362009,04-17-1940,357099,6663331,
575,16357013,08-06-1983,390710,6649512,
63,16332024,07-30-1953,36302,6564339,"Please call 311 between 8:30AM and 4:30PM, Mon to Fri"
134,16337012,04-05-1956,390734,6583333,
350,16348022,09-25-1986,15118,6619826,
776,17002010,09-16-1989,395836,6680752,
332,16348004,06-29-1964,382615,6621612,
107,16335041,01-21-1965,397699,6577842,
621,16359015,12-18-1971,44494,6655994,
458,16352017,12-26-1970,366104,6635796,
742,16366002,06-08-1980,395108,6675460,
185,16341010,08-30-1962,17136,6598565,"Please call 311 between 8:30AM and 4:30PM, Mon to Fri"
828,17005011,04-20-1956,387469,6689358,
78,16334036,05-04-1979,286672,6573729,
907,17007015,02-18-1986,365534,6698070,
331,16348003,12-18-1969,29925,6619723,
92,16335024,08-30-1950,29834,6574837,"Please call 311 between 8:30AM and 4:30PM, Mon to Fri"
60,16332013,03-05-1957,291800,6564097,"Please call 311 between 8:30AM and 4:30PM, Mon to Fri"
222,16343002,01-12-1978,395743,6604683,"Please call 311 between 8:30AM and 4:30PM, Mon to Fri"
557,16356030,12-21-1965,27933,6645415,
652,16363005,10-19-1960,379495,6663892,
604,16358024,10-18-1974,39821,6654872,
570,16357008,10-28-1966,371667,6648645,
401,16350009,03-26-1985,309945,6627959,
692,16364018,06-02-1982,394484,6668101,
728,16365023,05-07-1959,304809,6671080,
495,16355001,01-10-1983,377828,6642110,
347,16348019,12-07-1971,362081,6619421,
607,16359001,04-03-1969,374492,6655881,
5,16322019,03-18-1958,354926,6539271,"Please call 311 between 8:30AM and 4:30PM, Mon to Fri"
203,16342003,10-22-1959,397922,6599971,
251,16344002,10-01-1968,43748,6608333,"Please call 311 between 8:30AM and 4:30PM, Mon to Fri"
440,16351020,11-28-1980,398145,6630936,
858,17006002,04-29-1975,396568,6695131,
664,16363017,08-29-1976,364037,6665974,
821,17005003,08-31-1962,395042,6688364,
696,16364022,11-21-1965,28881,6667552,
333,16348005,11-14-1976,394916,6621403,
291,16345014,09-05-1952,380628,6611376,
233,16343015,06-27-1955,301393,6605755,"Please call 311 between 8:30AM and 4:30PM, Mon to Fri"
578,16357016,09-29-1986,397229,6649440,
147,16338002,01-23-1950,42478,6588600,"Please call 311 between 8:30AM and 4:30PM, Mon to Fri"
736,16365031,09-17-1954,19549,6672056,
19,16324022,03-09-1966,372714,6545780,"Please call 311 between 8:30AM and 4:30PM, Mon to Fri"
876,17006020,10-02-1963,273760,6695297,
583,16358003,02-20-1980,398318,6652533,
606,16358026,06-07-1962,36883,6652875,
123,16336018,12-26-1991,350876,6582098,"Please call 311 between 8:30AM and 4:30PM, Mon to Fri"
884,17006028,11-25-1967,13248,6696165,
148,16338004,10-11-1951,332975,6589466,"Please call 311 between 8:30AM and 4:30PM, Mon to Fri"
149,16338005,10-24-1964,32455,6590035,"Please call 311 between 8:30AM and 4:30PM, Mon to Fri"
755,16366015,04-25-1979,395046,6677122,
562,16356035,10-28-1969,277691,6646597,
815,17004027,03-25-1968,397478,6687373,
584,16358004,11-05-1976,32148,6653501,
343,16348015,11-18-1946,40131,6618557,
199,16341027,01-06-1953,339899,6595916,"Please call 311 between 8:30AM and 4:30PM, Mon to Fri"
655,16363008,08-16-1960,29993,6666207,
306,16346003,03-14-1989,363326,6613966,
245,16343030,05-21-1962,56048,6604478,"Please call 311 between 8:30AM and 4:30PM, Mon to Fri"
801,17004013,09-13-1985,374795,6688088,
912,17007020,09-18-1963,46008,6698381,
83,16335008,05-29-1936,19972,6574805,
842,17005026,09-29-1966,395105,6691461,
618,16359012,09-03-1960,292084,6658014,
444,16352003,05-02-1962,22138,6635518,
320,16347004,05-16-1967,8836,6616029,
794,17004005,06-07-1965,291537,6687433,
875,17006019,03-28-1974,365691,6694311,
574,16357012,08-27-1974,306210,6649261,
855,17005039,04-14-1966,50885,6692064,
426,16351005,11-10-1961,24693,6631287,
117,16336010,01-08-1958,30768,6578635,"Please call 311 between 8:30AM and 4:30PM, Mon to Fri"
377,16349003,05-07-1955,279957,6626120,
399,16350007,01-07-1951,30539,6627889,
486,16354002,04-15-1973,398239,6639069,
877,17006021,01-03-1982,384353,6695892,
727,16365022,02-26-1966,398383,6672552,
15,16324011,12-15-1983,390615,6545702,"Please call 311 between 8:30AM and 4:30PM, Mon to Fri"
181,16341005,09-23-1983,395847,6595150,"Please call 311 between 8:30AM and 4:30PM, Mon to Fri"
298,16345022,09-24-1958,43562,6611229,
13,16324004,10-03-1981,329534,6545680,"Please call 311 between 8:30AM and 4:30PM, Mon to Fri"
892,17006037,10-19-1955,295557,6692743,
796,17004007,01-28-1959,306560,6687453,
599,16358019,05-05-1962,14787,6652883,
531,16356004,02-27-1971,48439,6645968,
784,17003007,12-09-1963,16440,6682852,
397,16350005,09-12-1980,298438,6627182,
411,16350019,02-20-1943,51524,6628575,
839,17005023,02-20-1969,398636,6690933,
571,16357009,05-20-1954,421161,6650387,
573,16357011,11-17-1968,14142,6651452,
342,16348014,06-03-1976,360755,6619322,
485,16354001,10-12-1989,336385,6639050,
360,16348033,06-13-1955,275891,6619428,
167,16339002,03-24-1977,17021,6590430,"Please call 311 between 8:30AM and 4:30PM, Mon to Fri"
230,16343012,06-03-1954,50765,6606194,"Please call 311 between 8:30AM and 4:30PM, Mon to Fri"
330,16348002,08-25-1964,301650,6618688,
228,16343010,06-20-1985,375668,6604097,
161,16338019,04-29-1945,397833,6587070,"Please call 311 between 8:30AM and 4:30PM, Mon to Fri"
744,16366004,10-07-1954,42410,6676952,
751,16366011,09-12-1949,394750,6676491,
524,16355032,10-06-1958,386004,6642609,
26,16324041,12-20-1986,6012,6543951,"Please call 311 between 8:30AM and 4:30PM, Mon to Fri"
294,16345017,07-26-1971,337442,6612782,
235,16343017,07-07-1953,317850,6603726,"Please call 311 between 8:30AM and 4:30PM, Mon to Fri"
402,16350010,09-17-1965,290916,6626412,
822,17005004,05-17-1972,371403,6691704,
152,16338009,03-06-1957,313078,6588133,
886,17006030,07-31-1964,35662,6694413,
35,16327010,10-11-1989,386556,6552853,"Please call 311 between 8:30AM and 4:30PM, Mon to Fri"
275,16344029,04-13-1985,16867,6607876,"Please call 311 between 8:30AM and 4:30PM, Mon to Fri"
299,16345023,07-08-1981,375193,6612790,
21,16324027,09-23-1969,381575,6543577,"Please call 311 between 8:30AM and 4:30PM, Mon to Fri"
549,16356022,02-12-1993,397780,6647588,
124,16336020,10-19-1989,397814,6580996,"Please call 311 between 8:30AM and 4:30PM, Mon to Fri"
201,16342001,06-15-1960,37042,6600965,"Please call 311 between 8:30AM and 4:30PM, Mon to Fri"
164,16338022,02-12-1976,393633,6589520,
96,16335029,09-26-1966,12084,6576994,"Please call 311 between 8:30AM and 4:30PM, Mon to Fri"
57,16329019,12-02-1932,34777,6559477,"Please call 311 between 8:30AM and 4:30PM, Mon to Fri"
865,17006009,03-07-1975,391210,6693525,
533,16356006,04-05-1985,398163,6646612,
817,17004029,11-06-1957,398623,6685307,
374,16348048,08-14-1956,286382,6620237,
323,16347007,01-28-1967,29643,6616039,
547,16356020,10-13-1969,48933,6647536,
748,16366008,01-24-1990,379528,6677417,
638,16361001,04-06-1951,375637,6660503,
812,17004024,09-17-1958,28796,6684685,
101,16335034,11-03-1969,13704,6575197,"Please call 311 between 8:30AM and 4:30PM, Mon to Fri"
156,16338013,08-29-1965,386114,6587947,
314,16346011,06-24-1988,295339,6614501,
505,16355012,12-03-1991,350913,6643606,
600,16358020,07-05-1966,301725,6652180,
308,16346005,09-10-1959,395917,6615198,
588,16358008,08-12-1961,45130,6652899,
626,16359020,08-25-1971,21168,6655569,
159,16338017,09-25-1952,330661,6586792,
136,16337014,10-27-1975,388994,6585640,"Please call 311 between 8:30AM and 4:30PM, Mon to Fri"
902,17007010,03-29-1969,84853,6700276,
615,16359009,04-13-1955,394230,6655494,
596,16358016,02-18-1983,321182,6654701,
234,16343016,03-02-1975,20256,6603964,"Please call 311 between 8:30AM and 4:30PM, Mon to Fri"
577,16357015,01-07-1934,274030,6650695,
158,16338015,02-16-1978,393634,6589535,"Please call 311 between 8:30AM and 4:30PM, Mon to Fri"
31,16326005,04-25-1960,377618,6549003,"Please call 311 between 8:30AM and 4:30PM, Mon to Fri"
767,17002001,01-16-1976,302112,6680284,
704,16364030,01-30-1952,318054,6669273,
624,16359018,01-07-1962,32855,6656228,
603,16358023,02-24-1978,303753,6652957,
496,16355002,09-23-1986,398173,6643587,
205,16342006,08-12-1960,376455,6601787,"Please call 311 between 8:30AM and 4:30PM, Mon to Fri"
703,16364029,10-02-1980,357333,6667910,
295,16345018,01-10-1972,15652,6612502,
850,17005034,09-15-1975,296011,6692031,
213,16342015,11-08-1956,395447,6600934,"Please call 311 between 8:30AM and 4:30PM, Mon to Fri"
226,16343008,02-25-1976,292284,6605154,
33,16327003,02-24-1956,31864,6551152,"Please call 311 between 8:30AM and 4:30PM, Mon to Fri"
65,16332028,10-14-1958,378057,6565478,"Please call 311 between 8:30AM and 4:30PM, Mon to Fri"
389,16349015,04-10-1991,378272,6625417,
745,16366005,05-21-1965,388833,6674383,
319,16347003,03-14-1976,44860,6616999,
905,17007013,02-17-1959,392517,6698355,
889,17006034,04-07-1966,10349,6695577,
217,16342019,04-09-1978,391337,6601788,"Please call 311 between 8:30AM and 4:30PM, Mon to Fri"
157,16338014,05-19-1992,377795,6588561,
9,16323015,01-15-1965,299350,6540622,"Please call 311 between 8:30AM and 4:30PM, Mon to Fri"
477,16353006,03-26-1944,398169,6636946,
671,16363026,08-05-1973,334468,6666413,
798,17004010,11-15-1986,397844,6686998,
385,16349011,09-16-1955,48539,6622546,
94,16335026,11-16-1966,389412,6575756,"Please call 311 between 8:30AM and 4:30PM, Mon to Fri"
279,16345001,01-14-1975,23450,6612574,
112,16336003,05-06-1972,308563,6581840,"Please call 311 between 8:30AM and 4:30PM, Mon to Fri"
335,16348007,01-05-1959,276560,6620874,
441,16351021,06-19-1942,33569,6631509,
916,17007024,11-28-1977,303767,6698096,
582,16358002,03-04-1994,397593,6654808,
818,17004030,10-21-1988,378883,6685701,
593,16358013,05-02-1973,353652,6653232,
241,16343024,03-01-1978,367898,6606019,"Please call 311 between 8:30AM and 4:30PM, Mon to Fri"
36,16327011,11-01-1954,394731,6553239,"Please call 311 between 8:30AM and 4:30PM, Mon to Fri"
113,16336004,10-02-1951,32823,6582175,
121,16336016,06-03-1962,9194,6581109,"Please call 311 between 8:30AM and 4:30PM, Mon to Fri"
564,16357002,06-29-1956,29135,6648793,
24,16324033,10-19-1980,384411,6545949,"Please call 311 between 8:30AM and 4:30PM, Mon to Fri"
482,16353011,06-13-1968,24887,6637349,
560,16356033,08-25-1972,293020,6646628,
666,16363019,02-16-1955,325566,6666337,
523,16355031,03-18-1954,314907,6644045,
307,16346004,08-27-1985,273906,6615680,
429,16351008,07-05-1951,37064,6630451,
554,16356027,06-04-1965,26426,6647643,
550,16356023,04-27-1966,288815,6645375,
506,16355013,10-07-1986,337342,6643381,
111,16336002,01-07-1959,41097,6581378,"Please call 311 between 8:30AM and 4:30PM, Mon to Fri"
699,16364025,02-28-1988,287427,6669937,
526,16355034,06-22-1973,337125,6641814,
266,16344019,04-21-1956,31878,6608694,"Please call 311 between 8:30AM and 4:30PM, Mon to Fri"
707,16364033,01-18-1949,287580,6667519,
423,16351002,06-27-1974,356791,6630747,
381,16349007,05-28-1991,395949,6623024,
650,16363002,01-13-1944,370129,6665769,
321,16347005,07-05-1981,398055,6616610,
580,16357018,01-25-1985,351406,6648697,
1,16321027,09-03-1985,359374,6533700,"Please call 311 between 8:30AM and 4:30PM, Mon to Fri"
806,17004018,01-19-1970,377392,6685509,
556,16356029,03-13-1968,286916,6646643,
861,17006005,08-08-1984,307705,6694424,
616,16359010,09-16-1969,36688,6656121,
740,16365035,09-12-1978,40588,6674306,
641,16362001,01-31-1970,317865,6661790,
520,16355028,08-09-1962,280595,6643313,
22,16324028,11-05-1955,42556,6544453,"Please call 311 between 8:30AM and 4:30PM, Mon to Fri"
594,16358014,08-01-1983,375590,6654608,
693,16364019,07-26-1945,302965,6669413,
502,16355009,06-03-1972,397666,6640568,
804,17004016,09-02-1970,379402,6688138,
196,16341022,03-19-1963,339047,6596137,"Please call 311 between 8:30AM and 4:30PM, Mon to Fri"
369,16348043,11-02-1956,333028,6618008,
84,16335012,06-23-1944,357391,6575338,
474,16353003,09-29-1956,373940,6638547,
774,17002008,03-21-1966,382844,6679718,
137,16337015,03-23-1952,334867,6585147,"Please call 311 between 8:30AM and 4:30PM, Mon to Fri"
336,16348008,09-12-1953,35049,6620895,
184,16341008,10-31-1971,291562,6598445,"Please call 311 between 8:30AM and 4:30PM, Mon to Fri"
269,16344022,11-29-1973,361438,6609478,"Please call 311 between 8:30AM and 4:30PM, Mon to Fri"
362,16348035,11-11-1964,294425,6621061,
366,16348039,08-11-1978,398102,6620956,
783,17003006,06-14-1964,50891,6682787,
857,17006001,09-13-1962,396135,6694952,
186,16341011,11-14-1987,329526,6596795,"Please call 311 between 8:30AM and 4:30PM, Mon to Fri"
689,16364015,09-10-1960,368604,6669233,
154,16338011,06-17-1974,388100,6587485,
686,16364012,05-26-1979,394376,6667912,
535,16356008,02-28-1992,394232,6645232,
542,16356015,08-28-1960,286507,6644720,
658,16363011,01-01-1941,394050,6664595,
904,17007012,03-18-1981,299998,6698154,
62,16332016,11-03-1978,397672,6566534,"Please call 311 between 8:30AM and 4:30PM, Mon to Fri"
473,16353001,12-08-1990,391853,6637690,
519,16355027,08-23-1970,398136,6640748,
569,16357007,01-07-1961,398116,6650497,
260,16344012,11-26-1969,39175,6607908,"Please call 311 between 8:30AM and 4:30PM, Mon to Fri"
467,16352026,06-02-1982,377230,6633886,
761,17001002,03-06-1963,40643,6677745,
888,17006033,02-08-1958,357550,6694660,
404,16350012,10-30-1973,19267,6627816,
169,16339007,09-23-1959,295282,6591669,
881,17006025,09-17-1992,369127,6694421,
797,17004008,01-06-1969,283890,6685012,
490,16354006,09-30-1948,24216,6639252,
630,16359024,01-18-1955,300501,6655656,
139,16337017,11-05-1980,387174,6585746,"Please call 311 between 8:30AM and 4:30PM, Mon to Fri"
8,16323004,04-09-1967,354540,6540677,"Please call 311 between 8:30AM and 4:30PM, Mon to Fri"
631,16359025,10-01-1961,285196,6657976,
512,16355019,08-31-1960,330834,6642408,
61,16332015,09-28-1988,299462,6565011,"Please call 311 between 8:30AM and 4:30PM, Mon to Fri"
754,16366014,09-04-1962,329434,6675577,
698,16364024,06-01-1973,6154,6668883,
218,16342020,03-07-1981,397635,6603077,"Please call 311 between 8:30AM and 4:30PM, Mon to Fri"
552,16356025,02-17-1967,32877,6645391,
462,16352021,12-16-1953,13956,6635514,
125,16337001,10-28-1973,397689,6583072,"Please call 311 between 8:30AM and 4:30PM, Mon to Fri"
476,16353005,03-14-1953,391396,6638542,
146,16338001,09-23-1975,334715,6588774,"Please call 311 between 8:30AM and 4:30PM, Mon to Fri"
613,16359007,05-28-1964,327731,6656945,
410,16350018,10-13-1989,394405,6629462,
559,16356032,03-01-1967,21416,6645934,
553,16356026,11-12-1938,392586,6645219,
58,16330002,10-29-1970,397655,6563337,"Please call 311 between 8:30AM and 4:30PM, Mon to Fri"
188,16341014,03-16-1957,390000,6598914,"Please call 311 between 8:30AM and 4:30PM, Mon to Fri"
457,16352016,08-29-1950,42815,6635891,
682,16364008,09-10-1980,398451,6669006,
253,16344004,09-10-1960,398022,6607868,"Please call 311 between 8:30AM and 4:30PM, Mon to Fri"
824,17005006,05-15-1967,36580,6690967,
484,16353014,01-16-1962,13667,6637729,
122,16336017,11-01-1967,50514,6582259,"Please call 311 between 8:30AM and 4:30PM, Mon to Fri"
267,16344020,07-28-1980,329214,6608618,"Please call 311 between 8:30AM and 4:30PM, Mon to Fri"
637,16360006,12-20-1969,385846,6659676,
885,17006029,11-29-1950,371087,6696203,
27,16324044,10-29-1982,386135,6545776,"Please call 311 between 8:30AM and 4:30PM, Mon to Fri"
911,17007019,11-16-1966,397373,6697344,
472,16352031,10-29-1986,12576,6634985,
644,16362005,12-06-1976,384005,6662408,
849,17005033,09-16-1958,308077,6691733,
69,16334012,10-24-1960,368417,6570530,
442,16352001,11-25-1985,394830,6636706,
763,17001005,04-21-1954,49290,6679276,
280,16345002,08-22-1970,11343,6611548,"Please call 311 between 8:30AM and 4:30PM, Mon to Fri"
95,16335028,09-13-1973,17606,6576485,"Please call 311 between 8:30AM and 4:30PM, Mon to Fri"
206,16342007,11-05-1949,56467,6599742,"Please call 311 between 8:30AM and 4:30PM, Mon to Fri"
770,17002004,09-11-1969,398590,6680288,
162,16338020,12-19-1947,389867,6587775,
619,16359013,12-13-1966,379690,6655617,
726,16365020,12-30-1961,389020,6671193,
417,16350025,05-22-1969,376664,6629509,
929,17008008,12-21-1959,49052,6701386,
927,17008006,09-15-1963,290410,6702407,
926,17008005,10-03-1968,28410,6703536,
923,17008002,11-01-1993,36235,6703024,
922,17008001,04-17-1982,370717,6703267,
925,17008004,06-28-1966,394521,6703669,
928,17008007,08-26-1955,374306,6702457,
930,17008009,10-15-1977,394943,6702887,
924,17008003,06-09-1956,19667,6702453,
